time,confirmed,change_confirmed,recovered,change_recovered,deaths,change_deaths
2020-01-22 00:00:00,0,na,0,na,0,na
2020-01-23 00:00:00,0,na,0,na,0,na
2020-01-24 00:00:00,0,na,0,na,0,na
2020-01-25 00:00:00,0,na,0,na,0,na
2020-01-26 00:00:00,0,na,0,na,0,na
2020-01-27 00:00:00,1,na,0,na,0,na
2020-01-28 00:00:00,4,3.0,0,na,0,na
2020-01-29 00:00:00,4,0.0,0,na,0,na
2020-01-30 00:00:00,4,0.0,0,na,0,na
2020-01-31 00:00:00,5,0.25,0,na,0,na
2020-02-01 00:00:00,8,0.6,0,na,0,na
2020-02-02 00:00:00,10,0.25,0,na,0,na
2020-02-03 00:00:00,12,0.2,0,na,0,na
2020-02-04 00:00:00,12,0.0,0,na,0,na
2020-02-05 00:00:00,12,0.0,0,na,0,na
2020-02-06 00:00:00,12,0.0,0,na,0,na
2020-02-07 00:00:00,13,0.08333333333333333,0,na,0,na
2020-02-08 00:00:00,13,0.0,0,na,0,na
2020-02-09 00:00:00,14,0.07692307692307693,0,na,0,na
2020-02-10 00:00:00,14,0.0,0,na,0,na
2020-02-11 00:00:00,16,0.14285714285714285,0,na,0,na
2020-02-12 00:00:00,16,0.0,0,na,0,na
2020-02-13 00:00:00,16,0.0,1,na,0,na
2020-02-14 00:00:00,16,0.0,1,0.0,0,na
2020-02-15 00:00:00,16,0.0,1,0.0,0,na
2020-02-16 00:00:00,16,0.0,1,0.0,0,na
2020-02-17 00:00:00,16,0.0,1,0.0,0,na
2020-02-18 00:00:00,16,0.0,12,11.0,0,na
2020-02-19 00:00:00,16,0.0,12,0.0,0,na
2020-02-20 00:00:00,16,0.0,12,0.0,0,na
2020-02-21 00:00:00,16,0.0,14,0.16666666666666666,0,na
2020-02-22 00:00:00,16,0.0,14,0.0,0,na
2020-02-23 00:00:00,16,0.0,14,0.0,0,na
2020-02-24 00:00:00,16,0.0,14,0.0,0,na
2020-02-25 00:00:00,17,0.0625,14,0.0,0,na
2020-02-26 00:00:00,27,0.5882352941176471,15,0.07142857142857142,0,na
2020-02-27 00:00:00,46,0.7037037037037037,16,0.06666666666666667,0,na
2020-02-28 00:00:00,48,0.043478260869565216,16,0.0,0,na
2020-02-29 00:00:00,79,0.6458333333333334,16,0.0,0,na
2020-03-01 00:00:00,130,0.6455696202531646,16,0.0,0,na
2020-03-02 00:00:00,159,0.2230769230769231,16,0.0,0,na
2020-03-03 00:00:00,196,0.23270440251572327,16,0.0,0,na
2020-03-04 00:00:00,262,0.336734693877551,16,0.0,0,na
2020-03-05 00:00:00,482,0.8396946564885496,16,0.0,0,na
2020-03-06 00:00:00,670,0.3900414937759336,17,0.0625,0,na
2020-03-07 00:00:00,799,0.1925373134328358,18,0.058823529411764705,0,na
2020-03-08 00:00:00,1040,0.3016270337922403,18,0.0,0,na
2020-03-09 00:00:00,1176,0.13076923076923078,18,0.0,2,na
2020-03-10 00:00:00,1457,0.2389455782312925,18,0.0,2,0.0
2020-03-11 00:00:00,1908,0.3095401509951956,25,0.3888888888888889,3,0.5
2020-03-12 00:00:00,2078,0.08909853249475891,25,0.0,3,0.0
2020-03-13 00:00:00,3675,0.7685274302213667,46,0.84,7,1.3333333333333333
2020-03-14 00:00:00,4585,0.24761904761904763,46,0.0,9,0.2857142857142857
2020-03-15 00:00:00,5795,0.2639040348964013,46,0.0,11,0.2222222222222222
2020-03-16 00:00:00,7272,0.2548748921484038,67,0.45652173913043476,17,0.5454545454545454
2020-03-17 00:00:00,9257,0.27296479647964794,67,0.0,24,0.4117647058823529
2020-03-18 00:00:00,12327,0.3316409203845738,105,0.5671641791044776,28,0.16666666666666666
2020-03-19 00:00:00,15320,0.24280035694005028,113,0.0761904761904762,44,0.5714285714285714
2020-03-20 00:00:00,19848,0.29556135770234987,180,0.5929203539823009,67,0.5227272727272727
2020-03-21 00:00:00,22213,0.11915558242644095,233,0.29444444444444445,84,0.2537313432835821
2020-03-22 00:00:00,24873,0.11974969612389141,266,0.14163090128755365,94,0.11904761904761904
2020-03-23 00:00:00,29056,0.16817432557391548,266,0.0,123,0.30851063829787234
2020-03-24 00:00:00,32986,0.13525605726872247,3243,11.191729323308271,157,0.2764227642276423
2020-03-25 00:00:00,37323,0.13148002182744195,3547,0.09374036386062289,206,0.31210191082802546
2020-03-26 00:00:00,43938,0.17723655654690137,5673,0.5993797575415845,267,0.2961165048543689
2020-03-27 00:00:00,50871,0.15779052300969548,6658,0.17362947294200598,342,0.2808988764044944
2020-03-28 00:00:00,57695,0.134143225020149,8481,0.2738059477320517,433,0.26608187134502925
2020-03-29 00:00:00,62095,0.07626310772163966,9211,0.08607475533545572,533,0.23094688221709006
2020-03-30 00:00:00,66885,0.0771398663338433,13500,0.46563890999891433,645,0.2101313320825516
2020-03-31 00:00:00,71808,0.07360394707333483,16100,0.1925925925925926,775,0.20155038759689922
2020-04-01 00:00:00,77872,0.08444741532976827,18700,0.16149068322981366,920,0.1870967741935484
2020-04-02 00:00:00,84794,0.088889459626053,22440,0.2,1107,0.20326086956521738
2020-04-03 00:00:00,91159,0.07506427341557186,24575,0.09514260249554367,1275,0.15176151761517614
2020-04-04 00:00:00,96092,0.05411423995436545,26400,0.07426246185147507,1444,0.13254901960784313
2020-04-05 00:00:00,100123,0.04194938184240103,28700,0.08712121212121213,1584,0.09695290858725762
2020-04-06 00:00:00,103374,0.032470061823956536,28700,0.0,1810,0.14267676767676768
2020-04-07 00:00:00,107663,0.04149012324182096,36081,0.25717770034843207,2016,0.1138121546961326
2020-04-08 00:00:00,113296,0.05232066726730632,46300,0.2832238574318894,2349,0.16517857142857142
2020-04-09 00:00:00,118181,0.043117144471119896,52407,0.13190064794816414,2607,0.10983397190293742
2020-04-10 00:00:00,122171,0.03376177219688444,53913,0.028736619153929818,2767,0.06137322593018796
2020-04-11 00:00:00,124908,0.02240302526786226,57400,0.0646782779663532,2736,-0.011203469461510662
2020-04-12 00:00:00,127854,0.023585358824094533,60300,0.050522648083623695,3022,0.10453216374269006
2020-04-13 00:00:00,130072,0.017347912462652715,64300,0.06633499170812604,3194,0.056915949702183985
2020-04-14 00:00:00,131359,0.00989451995817701,68200,0.060653188180404355,3294,0.031308703819661866
2020-04-15 00:00:00,134753,0.0258375901156373,72600,0.06451612903225806,3804,0.15482695810564662
2020-04-16 00:00:00,137698,0.021854801006285573,77000,0.06060606060606061,4052,0.06519453207150368
2020-04-17 00:00:00,141397,0.026863135267033652,83114,0.0794025974025974,4352,0.07403751233958539
2020-04-18 00:00:00,143342,0.013755595946165761,85400,0.027504391558582187,4459,0.02458639705882353
2020-04-19 00:00:00,145184,0.012850385790626613,88000,0.03044496487119438,4586,0.02848172235927338
2020-04-20 00:00:00,147065,0.012955973109984571,91500,0.03977272727272727,4862,0.06018316615787178
2020-04-21 00:00:00,148291,0.008336449869105497,95200,0.040437158469945354,5033,0.035170711641299875
2020-04-22 00:00:00,150648,0.015894423801849068,99400,0.04411764705882353,5279,0.04887740909994039
2020-04-23 00:00:00,153129,0.016468854548351123,103300,0.039235412474849095,5575,0.05607122561091116
2020-04-24 00:00:00,154999,0.012211925892548114,109800,0.06292352371732816,5760,0.033183856502242155
2020-04-25 00:00:00,156513,0.009767804953580346,109800,0.0,5877,0.0203125
2020-04-26 00:00:00,157770,0.008031281746564183,112000,0.020036429872495445,5976,0.016845329249617153
2020-04-27 00:00:00,158758,0.006262280534955949,114500,0.022321428571428572,6126,0.025100401606425703
2020-04-28 00:00:00,159912,0.007268925030549642,117400,0.025327510917030567,6314,0.0306888671237349
2020-04-29 00:00:00,161539,0.010174345890239632,120400,0.02555366269165247,6467,0.024231865695280328
2020-04-30 00:00:00,163009,0.009099969666767778,123500,0.02574750830564784,6623,0.02412246791402505
2020-05-01 00:00:00,164077,0.006551785484237066,126900,0.027530364372469637,6736,0.01706175449192209
2020-05-02 00:00:00,164967,0.005424282501508438,129000,0.016548463356973995,6812,0.011282660332541567
2020-05-03 00:00:00,165664,0.004225087441730771,130600,0.012403100775193798,6866,0.007927187316500293
2020-05-04 00:00:00,166152,0.002945721460305196,132700,0.016079632465543645,6993,0.018496941450626275
2020-05-05 00:00:00,167007,0.005145890509894555,135100,0.01808590806330068,6993,0.0
2020-05-06 00:00:00,168162,0.006915877777578185,139900,0.03552923760177646,7275,0.04032604032604033
2020-05-07 00:00:00,169430,0.007540347997764061,141700,0.012866333095067906,7392,0.016082474226804123
2020-05-08 00:00:00,170588,0.0068346809891990795,141700,0.0,7510,0.015963203463203464
2020-05-09 00:00:00,171324,0.0043144887096396,143300,0.011291460832745237,7549,0.0051930758988015975
2020-05-10 00:00:00,171879,0.0032394760804090495,144400,0.007676203768318213,7569,0.0026493575307987814
2020-05-11 00:00:00,172576,0.004055178352212894,145617,0.008427977839335181,7661,0.0121548421191703
2020-05-12 00:00:00,173171,0.003447756350825144,147200,0.010870983470336567,7738,0.01005090719227255
2020-05-13 00:00:00,174098,0.005353090298029116,148700,0.010190217391304348,7861,0.015895580253295426
2020-05-14 00:00:00,174478,0.002182678721180025,150300,0.010759919300605245,7884,0.0029258364075817325
2020-05-15 00:00:00,175233,0.004327193113171861,151597,0.008629407850964737,7897,0.0016489091831557584
2020-05-16 00:00:00,175752,0.0029617708993169094,152600,0.006616225914760846,7938,0.005191845004432063
2020-05-17 00:00:00,176369,0.003510628613045655,154011,0.009246395806028833,7962,0.0030234315948601664
2020-05-18 00:00:00,176551,0.0010319273795281485,155041,0.006687833985884125,8003,0.005149459934689776
2020-05-19 00:00:00,177778,0.006949833192675205,155681,0.004127940351261924,8081,0.009746345120579782
2020-05-20 00:00:00,178473,0.003909370113287358,156966,0.008254057977530977,8144,0.007796064843459968
2020-05-21 00:00:00,179021,0.0030704924554414395,158087,0.007141673993094046,8203,0.007244597249508841
2020-05-22 00:00:00,179710,0.0038487104864792397,159064,0.006180141314592598,8228,0.0030476654882360113
2020-05-23 00:00:00,179986,0.001535807690167492,159716,0.004098979027309762,8261,0.004010695187165776
2020-05-24 00:00:00,180328,0.001900147789272499,160281,0.0035375291141776653,8283,0.002663115845539281
2020-05-25 00:00:00,180600,0.0015083625393726987,161199,0.005727441181425122,8309,0.003138959314258119
2020-05-26 00:00:00,181200,0.0033222591362126247,161967,0.004764297545270132,8372,0.007582139848357203
2020-05-27 00:00:00,181524,0.0017880794701986755,162820,0.00526650490532022,8428,0.006688963210702341
2020-05-28 00:00:00,182196,0.0037019898195279964,163360,0.003316545878884658,8470,0.0049833887043189366
2020-05-29 00:00:00,182922,0.003984719752354607,164245,0.005417482859941234,8504,0.004014167650531287
2020-05-30 00:00:00,183189,0.0014596385344573097,164908,0.004036652561721818,8530,0.0030573847601128882
2020-05-31 00:00:00,183410,0.001206404314669549,165352,0.0026924103136294177,8540,0.0011723329425556857
2020-06-01 00:00:00,183594,0.0010032168365956054,165632,0.0016933572016062702,8555,0.001756440281030445
2020-06-02 00:00:00,183879,0.001552338311709533,166609,0.005898618624420402,8563,0.000935125657510228
2020-06-03 00:00:00,184121,0.0013160828588365174,167453,0.005065752750451656,8602,0.004554478570594418
2020-06-04 00:00:00,184472,0.0019063550599877255,167909,0.002723152168071041,8635,0.0038363171355498722
2020-06-05 00:00:00,184924,0.0024502363502320137,168480,0.0034006515433955297,8658,0.0026635784597568036
2020-06-06 00:00:00,185450,0.002844411758343968,168958,0.0028371320037986706,8673,0.0017325017325017325
2020-06-07 00:00:00,185750,0.0016176867080075492,169224,0.0015743557570520484,8685,0.0013836042891732965
2020-06-08 00:00:00,186109,0.0019327052489905786,169556,0.001961896657684489,8695,0.0011514104778353484
2020-06-09 00:00:00,186506,0.002133158525380288,170129,0.003379414470735332,8736,0.004715353651523865
2020-06-10 00:00:00,186522,8.578812477882749e-05,170630,0.0029448242216200647,8752,0.0018315018315018315
2020-06-11 00:00:00,186691,0.0009060593388447476,170961,0.0019398698939225225,8772,0.0022851919561243145
2020-06-12 00:00:00,187226,0.0028656978643855353,171535,0.003357490889735086,8783,0.0012539899680802553
2020-06-13 00:00:00,187267,0.00021898667920053838,171970,0.00253592561284869,8793,0.001138563133325743
2020-06-14 00:00:00,187518,0.0013403322528795785,172089,0.0006919811595045648,8801,0.0009098146252701012
2020-06-15 00:00:00,187682,0.0008745827067268209,172692,0.0035040008367763194,8807,0.0006817407112828088
2020-06-16 00:00:00,188252,0.003037052034824863,172842,0.0008685984295740394,8820,0.0014760985579652549
2020-06-17 00:00:00,188604,0.0018698340522278647,173599,0.004379722521146481,8851,0.0035147392290249433
2020-06-18 00:00:00,189817,0.006431464868189434,173847,0.0014285796577169223,8875,0.002711558016043385
2020-06-19 00:00:00,190299,0.002539287840393642,173972,0.0007190230490028588,8887,0.001352112676056338
2020-06-20 00:00:00,190670,0.0019495635815217106,174609,0.0036615087485342467,8895,0.000900191290649263
2020-06-21 00:00:00,191272,0.00315728746000944,174740,0.0007502476962814059,8895,0.0
2020-06-22 00:00:00,191768,0.0025931657534819523,175143,0.0023062836213803366,8899,0.00044969083754918494
2020-06-23 00:00:00,192480,0.003712819657085645,175825,0.003893960934779009,8914,0.0016855826497359254
2020-06-24 00:00:00,192871,0.0020313798836242725,176422,0.003395421583961325,8928,0.0015705631590756115
2020-06-25 00:00:00,193371,0.002592406323397504,176764,0.0019385337429572275,8940,0.0013440860215053765
2020-06-26 00:00:00,194036,0.0034389851632354385,177149,0.0021780453033423096,8965,0.002796420581655481
2020-06-27 00:00:00,194458,0.0021748541507761445,177518,0.0020829922833321105,8968,0.00033463469046291134
2020-06-28 00:00:00,194693,0.0012084871797508974,177657,0.000783019186786692,8968,0.0
2020-06-29 00:00:00,195042,0.001792565731690405,177770,0.0006360571213067878,8976,0.0008920606601248885
2020-06-30 00:00:00,195418,0.0019277899119164077,178100,0.001856331214490634,8990,0.0015597147950089127
2020-07-01 00:00:00,195893,0.002430687040088426,179100,0.005614823133071308,8995,0.0005561735261401557
2020-07-02 00:00:00,196370,0.0024350027821310612,179800,0.003908431044109436,9006,0.0012229016120066704
2020-07-03 00:00:00,196780,0.002087895299689362,180300,0.0027808676307007787,9010,0.00044414834554741284
2020-07-04 00:00:00,197198,0.0021241996137818884,181000,0.003882418191902385,9020,0.0011098779134295228
2020-07-05 00:00:00,197523,0.0016480897372184301,181719,0.003972375690607734,9023,0.0003325942350332594
2020-07-06 00:00:00,198064,0.0027389215433139434,182160,0.0024268238324005745,9022,-0.0001108278842956888
2020-07-07 00:00:00,198343,0.001408635592535746,182661,0.0027503293807641634,9032,0.0011084016847705607
2020-07-08 00:00:00,198699,0.0017948705021099813,183153,0.0026935142148570303,9046,0.001550044286979628
2020-07-09 00:00:00,199001,0.0015198868640506494,183728,0.00313945171523262,9057,0.0012160070749502542
2020-07-10 00:00:00,199332,0.001663308224581786,184028,0.0016328485587390055,9063,0.000662471016893011
2020-07-11 00:00:00,199709,0.0018913169987759115,184266,0.0012932814571695612,9070,0.0007723711795211298
2020-07-12 00:00:00,199919,0.0010515299761152477,184414,0.0008031866974916697,9071,0.00011025358324145535
2020-07-13 00:00:00,200180,0.0013055287391393515,185100,0.0037198911145574633,9074,0.00033072428618674895
2020-07-14 00:00:00,200456,0.0013787591167948845,185100,0.0,9078,0.00044081992506061276
2020-07-15 00:00:00,200890,0.0021650636548669034,186000,0.004862236628849271,9080,0.0002203128442388191
2020-07-16 00:00:00,201450,0.0027875952013539746,186400,0.002150537634408602,9087,0.0007709251101321586
2020-07-17 00:00:00,202045,0.002953586497890295,186900,0.002682403433476395,9088,0.00011004732034774953
2020-07-18 00:00:00,202426,0.0018857185280506817,187200,0.0016051364365971107,9091,0.0003301056338028169
2020-07-19 00:00:00,202735,0.0015264837520871824,187400,0.0010683760683760685,9092,0.00010999890001099989
2020-07-20 00:00:00,203325,0.002910202974326091,188070,0.0035752401280683033,9094,0.0002199736031676199
2020-07-21 00:00:00,203717,0.001927947866715849,188221,0.0008028925400116977,9099,0.0005498130635583901
2020-07-22 00:00:00,204276,0.0027440027096413164,188628,0.0021623517035824907,9102,0.0003297065611605671
2020-07-23 00:00:00,204881,0.0029616792966378823,189140,0.002714337213987319,9110,0.0008789277081960009
2020-07-24 00:00:00,205623,0.0036216144981721095,189696,0.0029396214444326954,9120,0.0010976948408342481
2020-07-25 00:00:00,206278,0.003185441317362357,189919,0.0011755651147098516,9124,0.0004385964912280702
2020-07-26 00:00:00,206667,0.0018858045938005992,190055,0.0007160947561855317,9124,0.0
2020-07-27 00:00:00,207112,0.0021532223335123655,190314,0.0013627634105916708,9125,0.00010960105217010084
2020-07-28 00:00:00,207707,0.002872841747460311,190711,0.0020860262513530273,9131,0.0006575342465753425
2020-07-29 00:00:00,208546,0.004039343883451208,191279,0.002978328465584051,9135,0.00043806811959259663
2020-07-30 00:00:00,209535,0.004742358999932869,191551,0.001422006597692376,9144,0.0009852216748768472
2020-07-31 00:00:00,210399,0.004123416135729114,191992,0.0023022589284315926,9147,0.00032808398950131233
2020-08-01 00:00:00,211005,0.0028802418262444214,192636,0.0033543064294345596,9154,0.0007652782333005357
2020-08-02 00:00:00,211220,0.001018933200635056,192908,0.0014119894516082144,9154,0.0
2020-08-03 00:00:00,212111,0.004218350534987217,193594,0.0035560992804860346,9154,0.0
2020-08-04 00:00:00,212828,0.0033803055947122028,194173,0.002990795169271775,9163,0.0009831767533318768
2020-08-05 00:00:00,214113,0.006037739395192362,194568,0.0020342684101291118,9179,0.0017461530066572083
2020-08-06 00:00:00,215039,0.004324819137558205,195281,0.0036645285966859916,9181,0.0002178886588953045
2020-08-07 00:00:00,216196,0.005380419365789461,195935,0.003349020129966561,9195,0.0015248883563881931
2020-08-08 00:00:00,216903,0.003270180761901238,196550,0.0031387960292954295,9201,0.0006525285481239804
2020-08-09 00:00:00,217288,0.0017749869757449183,196783,0.0011854489951666242,9202,0.00010868383871318335
2020-08-10 00:00:00,218508,0.0056146680902764996,197382,0.0030439621308751266,9203,0.00010867202782003912
2020-08-11 00:00:00,219540,0.0047229392058871986,198347,0.0048889969703417736,9208,0.0005433010974682169
2020-08-12 00:00:00,220859,0.006008016762321217,198991,0.0032468350920356747,9213,0.0005430060816681147
2020-08-13 00:00:00,222281,0.006438496959598658,199654,0.0033318089762853598,9217,0.00043416910886790404
2020-08-14 00:00:00,223791,0.006793203197754194,200440,0.0039368106824806915,9230,0.0014104372355430183
2020-08-15 00:00:00,224488,0.0031145130948072087,200756,0.0015765316304130912,9235,0.0005417118093174431
2020-08-16 00:00:00,225007,0.0023119275863297817,201187,0.002146884775548427,9235,0.0
2020-08-17 00:00:00,226700,0.007524210357899976,202249,0.005278671087098073,9236,0.00010828370330265295
2020-08-18 00:00:00,228120,0.006263784737538598,203677,0.007060603513490796,9241,0.0005413598960589
2020-08-19 00:00:00,229706,0.006952481150271787,204454,0.0038148637303181015,9249,0.0008657071745482091
2020-08-20 00:00:00,231292,0.0069044778978346235,205359,0.004426423547595058,9263,0.00151367715428695
2020-08-21 00:00:00,233029,0.0075099873752658974,206656,0.006315768970437137,9266,0.0003238691568606283
2020-08-22 00:00:00,233861,0.003570371069695188,207606,0.004597011458655931,9272,0.0006475285991797971
2020-08-23 00:00:00,234494,0.002706736052612449,207985,0.001825573442000713,9275,0.0003235547886108714
2020-08-24 00:00:00,236122,0.00694260833965901,208653,0.003211770079573046,9276,0.00010781671159029649
2020-08-25 00:00:00,237583,0.006187479353893326,210333,0.008051645555060315,9281,0.0005390254420008624
2020-08-26 00:00:00,239010,0.006006322001153281,211691,0.0064564286155762525,9285,0.0004309880400818877
2020-08-27 00:00:00,240571,0.006531107485042467,212909,0.005753669263218559,9290,0.0005385029617662897
2020-08-28 00:00:00,242126,0.006463788237152442,214186,0.005997867633589937,9290,0.0
2020-08-29 00:00:00,242835,0.0029282274518226048,214790,0.002819978896846666,9299,0.000968783638320775
2020-08-30 00:00:00,243305,0.001935470587024111,215283,0.0022952651426975186,9300,0.00010753844499408539
2020-08-31 00:00:00,244802,0.006152771213086455,216795,0.007023313498975767,9303,0.0003225806451612903
2020-09-01 00:00:00,246015,0.004955024877247735,218403,0.007417145229364146,9307,0.00042996882726002364
2020-09-02 00:00:00,247411,0.00567445074487328,219904,0.006872616218641685,9322,0.0016116901257118299
2020-09-03 00:00:00,248840,0.005775814333234981,221525,0.0073713984284051225,9322,0.0
2020-09-04 00:00:00,250283,0.0057989069281466,222802,0.005764586389797991,9327,0.000536365586783952
2020-09-05 00:00:00,251058,0.0030964947679227115,223570,0.003447006759364817,9329,0.00021443122118580465
2020-09-06 00:00:00,251728,0.0026687060360554133,224215,0.002885002460079617,9330,0.00010719262514738985
2020-09-07 00:00:00,253626,0.007539884319583042,225704,0.006640947305042035,9331,0.00010718113612004287
2020-09-08 00:00:00,254957,0.005247884680592683,227379,0.007421224258320632,9336,0.0005358482477762298
2020-09-09 00:00:00,256433,0.0057892115140984555,228784,0.00617911064786106,9342,0.0006426735218508997
2020-09-10 00:00:00,258149,0.006691806436769058,230283,0.00655203161060214,9345,0.0003211303789338471
2020-09-11 00:00:00,259735,0.006143738693545201,231349,0.004629086819261517,9348,0.00032102728731942215
2020-09-12 00:00:00,260817,0.004165784357133232,231953,0.0026107741982891648,9352,0.0004278990158322636
2020-09-13 00:00:00,261737,0.0035273774332194602,232541,0.0025349963139084213,9354,0.000213857998289136
2020-09-14 00:00:00,263222,0.005673634220610766,234017,0.006347267793636391,9356,0.00021381227282446012
2020-09-15 00:00:00,265014,0.006807941585429789,235112,0.004679147241439725,9367,0.001175716117999145
2020-09-16 00:00:00,266869,0.006999630208215415,236623,0.006426724284596278,9373,0.0006405465997651329
2020-09-17 00:00:00,269048,0.008165054764697286,238437,0.007666203200872274,9376,0.00032006828123332977
2020-09-18 00:00:00,271247,0.008173262763521752,239654,0.005104073612736278,9386,0.0010665529010238908
2020-09-19 00:00:00,272932,0.00621205027152374,240510,0.0035718160347834797,9388,0.00021308331557639036
2020-09-20 00:00:00,273965,0.0037848255243064207,241192,0.002835640929691073,9390,0.00021303792074989347
2020-09-21 00:00:00,275560,0.005821911558045735,242656,0.006069853063119838,9390,0.0
2020-09-22 00:00:00,277412,0.0067208593409783714,244693,0.00839459976262693,9405,0.001597444089456869
2020-09-23 00:00:00,279025,0.005814456476287976,245706,0.004139881402410367,9423,0.0019138755980861245
2020-09-24 00:00:00,281346,0.008318251052773049,247766,0.008384003646634596,9436,0.0013796030988008066
2020-09-25 00:00:00,283712,0.008409573976527123,249164,0.005642420671117102,9451,0.00158965663416702
2020-09-26 00:00:00,285026,0.004631457252424994,250104,0.003772615626655536,9459,0.0008464712728811766
2020-09-27 00:00:00,286339,0.004606597292878545,250866,0.00304673255925535,9464,0.000528597103287874
2020-09-28 00:00:00,288631,0.008004498164762746,252693,0.007282772476142642,9468,0.00042265426880811494
2020-09-29 00:00:00,290471,0.006374921612716583,255212,0.009968618046404134,9483,0.0015842839036755386
2020-09-30 00:00:00,292913,0.00840703546997807,256861,0.006461294923436202,9495,0.0012654223347042075
2020-10-01 00:00:00,295539,0.008965119335775469,258220,0.0052907993039036675,9509,0.0014744602422327542
2020-10-02 00:00:00,298374,0.009592642595393502,259722,0.005816745410889939,9518,0.0009464717635923862
2020-10-03 00:00:00,300027,0.005540026946047578,260916,0.004597223184789891,9531,0.0013658331582265182
2020-10-04 00:00:00,301573,0.005152869575071577,262002,0.004162259117877018,9533,0.00020984156961494072
2020-10-05 00:00:00,304673,0.010279434830041151,265624,0.013824321951740826,9554,0.0022028742263715513
2020-10-06 00:00:00,307127,0.008054537159512001,267747,0.00799250067764961,9566,0.0012560184216035169
2020-10-07 00:00:00,311137,0.013056488032637963,269722,0.007376366495236175,9582,0.00167259042441982
2020-10-08 00:00:00,315941,0.015440143730896678,271960,0.008297432170901892,9594,0.0012523481527864746
2020-10-09 00:00:00,320495,0.014414083642199017,273718,0.0064641859096926015,9599,0.0005211590577444236
2020-10-10 00:00:00,323463,0.00926067489352408,274934,0.004442528441680854,9620,0.0021877278883217
2020-10-11 00:00:00,326309,0.008798533371668475,276983,0.007452697738366299,9626,0.0006237006237006237
2020-10-12 00:00:00,332850,0.02004541707400041,278391,0.005083344465183784,9640,0.0014543943486391025
2020-10-13 00:00:00,337314,0.01341144659756647,280533,0.007694214252615925,9682,0.004356846473029046
2020-10-14 00:00:00,344487,0.02126505274017681,283656,0.0111323801477901,9716,0.0035116711423259657
2020-10-15 00:00:00,352107,0.02211984777364603,286137,0.0087465098570099,9739,0.0023672293124742693
2020-10-16 00:00:00,359802,0.0218541522889349,289027,0.010100056965719218,9773,0.003491118184618544
2020-10-17 00:00:00,364664,0.01351298769878989,291129,0.007272676947136427,9785,0.0012278727105290085
2020-10-18 00:00:00,368671,0.010988197354276814,293447,0.007962106145385723,9798,0.0013285641287685231
2020-10-19 00:00:00,377068,0.022776404978964986,296672,0.010990059533748854,9842,0.0044907123902837316
2020-10-20 00:00:00,385591,0.022603350058875323,299743,0.01035149929888901,9882,0.00406421459053038
2020-10-21 00:00:00,397922,0.031979480848878736,304173,0.014779327623997892,9911,0.002934628617688727
2020-10-22 00:00:00,403874,0.01495770527892401,308779,0.015142698398608687,9960,0.004944001614367874
2020-10-23 00:00:00,417350,0.03336684213393286,312347,0.011555189957866306,9978,0.0018072289156626507
2020-10-24 00:00:00,427808,0.025058104708278423,316124,0.012092320400067873,10035,0.005712567648827421
2020-10-25 00:00:00,437698,0.02311784725858329,320004,0.012273664764459517,10062,0.0026905829596412557
2020-10-26 00:00:00,450258,0.028695584626843167,325052,0.015774802814964812,10091,0.0028821307891075333
2020-10-27 00:00:00,463419,0.029229908185973374,327697,0.008137159592926671,10121,0.002972946189673967
2020-10-28 00:00:00,479621,0.03496188114859339,336764,0.027668852629105546,10218,0.009584033198300564
2020-10-29 00:00:00,498354,0.039057922818225226,340436,0.010903778313596466,10305,0.008514386376981797
2020-10-30 00:00:00,517736,0.03889203257122447,351921,0.03373615011338401,10391,0.008345463367297428
2020-10-31 00:00:00,531790,0.02714510870404994,356410,0.012755703694863335,10483,0.008853815802136464
2020-11-01 00:00:00,544346,0.02361082382143327,363545,0.020019079150416653,10513,0.0028617762091004482
2020-11-02 00:00:00,569598,0.04638961248911538,372499,0.024629688209162552,10669,0.014838771045372396
2020-11-03 00:00:00,577131,0.013225116661224232,373391,0.002394637301039734,10717,0.004499015840284937
2020-11-04 00:00:00,608611,0.05454567507203737,384012,0.028444713450511663,10949,0.02164784921153308
2020-11-05 00:00:00,631172,0.03706965532992338,394616,0.02761372040457069,11110,0.014704539227326697
2020-11-06 00:00:00,653992,0.03615496251417997,405809,0.02836428325257972,11240,0.011701170117011701
2020-11-07 00:00:00,668114,0.021593536312370792,413484,0.018912838305705393,11306,0.005871886120996441
2020-11-08 00:00:00,682624,0.021717850546463628,421151,0.018542434531928685,11372,0.005837608349548912
2020-11-09 00:00:00,689146,0.009554308081755109,443621,0.053353785221927526,11408,0.0031656700668308124
2020-11-10 00:00:00,715693,0.03852159049025896,446402,0.006268864638959833,11781,0.032696353436185134
2020-11-11 00:00:00,738094,0.03129973326552027,460504,0.03159036025824257,11994,0.018079959256429846
2020-11-12 00:00:00,762832,0.0335160562204814,474208,0.029758699164393793,12216,0.018509254627313655
2020-11-13 00:00:00,785093,0.029182047947647713,487913,0.02890081989338012,12404,0.01538965291421087
2020-11-14 00:00:00,799733,0.018647472337672097,498996,0.02271511519471709,12511,0.008626249596904225
2020-11-15 00:00:00,802946,0.004017590870953181,505714,0.013463033771813801,12573,0.00495563903764687
2020-11-16 00:00:00,817526,0.018158132676419088,522313,0.03282289989994345,12833,0.020679233277658474
2020-11-17 00:00:00,843757,0.03208582968615065,537347,0.028783507207364167,13138,0.023766851087041223
2020-11-18 00:00:00,867484,0.028120655591598057,554272,0.031497337846866175,13390,0.019181001674531892
2020-11-19 00:00:00,891525,0.027713479441695756,570961,0.030109765602447897,13662,0.020313666915608663
2020-11-20 00:00:00,914118,0.025341970219567595,587780,0.02945735347948459,13918,0.018738105694627433
2020-11-21 00:00:00,927990,0.015175283716106673,600991,0.022476096498689986,14061,0.010274464721942808
2020-11-22 00:00:00,932367,0.0047166456535091975,611627,0.017697436400877883,14159,0.006969632316335965
2020-11-23 00:00:00,946822,0.015503551713005716,630375,0.030652669028672704,14460,0.02125856345787132
2020-11-24 00:00:00,963192,0.0172894165957276,649070,0.029656950228038867,14832,0.025726141078838173
2020-11-25 00:00:00,995879,0.03393612073189976,666373,0.02665814164882062,15210,0.025485436893203883
2020-11-26 00:00:00,1017830,0.02204183439956059,685537,0.028758668193339165,15640,0.02827087442472058
2020-11-27 00:00:00,1038649,0.020454299833960486,705213,0.028701587222863246,16011,0.023721227621483376
2020-11-28 00:00:00,1052494,0.01332981594359596,718604,0.01898858926310207,16181,0.010617700331022422
2020-11-29 00:00:00,1055691,0.0030375470073938666,730797,0.01696762055318367,16306,0.007725109696557691
2020-11-30 00:00:00,1069912,0.01347079779973496,749219,0.025208094723979436,16694,0.023794922114559056
2020-12-01 00:00:00,1094678,0.023147698128444208,769380,0.02690935494161253,17177,0.02893255061698814
2020-12-02 00:00:00,1117953,0.021261960138049728,789564,0.026234110582546984,17659,0.02806077894859405
2020-12-03 00:00:00,1141544,0.021101960458087238,811091,0.027264414284339206,18097,0.02480321649017498
2020-12-04 00:00:00,1157514,0.013989824308130042,831935,0.025698719379206526,18577,0.026523733215450075
2020-12-05 00:00:00,1183640,0.02257078532095508,852580,0.024815640645002315,18839,0.014103461269311513
2020-12-06 00:00:00,1194550,0.00921732959345747,868285,0.018420558774543152,18989,0.007962206061892883
2020-12-07 00:00:00,1200006,0.004567410321878532,888701,0.023513017039336163,19434,0.023434620043182895
2020-12-08 00:00:00,1229269,0.02438571140477631,909058,0.022906466854431356,20002,0.02922712771431512
2020-12-09 00:00:00,1254358,0.02040969063728118,929272,0.02223620495061921,20460,0.022897710228977103
2020-12-10 00:00:00,1287092,0.026096218145059066,949913,0.022212011122685286,21064,0.029521016617790812
2020-12-11 00:00:00,1314309,0.021146118536981038,966238,0.017185784382359227,21567,0.023879605013292823
2020-12-12 00:00:00,1336101,0.01658057580066788,975931,0.010031689914907093,21900,0.01544025594658506
2020-12-13 00:00:00,1350810,0.011008898279396542,990707,0.015140414639969424,22106,0.009406392694063927
2020-12-14 00:00:00,1357261,0.004775653126642533,1012077,0.021570454231170266,22634,0.023884918121776892
2020-12-15 00:00:00,1391086,0.02492151472708639,1031721,0.01940959037701677,23544,0.0402050013254396
2020-12-16 00:00:00,1423830,0.023538444064565383,1056477,0.023994859075273257,24273,0.03096330275229358
2020-12-17 00:00:00,1454009,0.02119564835689654,1078944,0.02126596225000639,25027,0.03106332138590203
2020-12-18 00:00:00,1486839,0.02257895239988198,1095982,0.015791366373046237,25754,0.029048627482319095
2020-12-19 00:00:00,1508518,0.014580596823193365,1107115,0.010158013544018058,26171,0.016191659548031374
2020-12-20 00:00:00,1514962,0.004271742199960491,1123725,0.015002958138946722,26400,0.008750143288372626
2020-12-21 00:00:00,1534218,0.012710549835573433,1147943,0.021551536185454627,27110,0.026893939393939394
2020-12-22 00:00:00,1570371,0.02356444781641201,1171444,0.02047227083574707,28096,0.03637034304684618
2020-12-23 00:00:00,1604129,0.021496831003629077,1197472,0.022218731753289103,28909,0.028936503416856493
2020-12-24 00:00:00,1630596,0.016499296502962044,1220277,0.01904428663050159,29330,0.01456293887716628
2020-12-25 00:00:00,1632736,0.001312403562869037,1235968,0.012858555885262116,29580,0.008523695874531197
2020-12-26 00:00:00,1646240,0.008270779844383905,1253285,0.01401088054059652,29946,0.012373225152129817
2020-12-27 00:00:00,1658639,0.0075317086208572265,1272032,0.014958289614892064,30297,0.011721097976357443
2020-12-28 00:00:00,1672643,0.00844306687591453,1294932,0.018002691756182236,31145,0.02798956992441496
2020-12-29 00:00:00,1692109,0.011637868929592269,1319757,0.01917089082669978,32267,0.03602504414833842
2020-12-30 00:00:00,1741153,0.028983948433581996,1345952,0.019848350870652703,33230,0.029844733008956518
2020-12-31 00:00:00,1760520,0.01112308912542436,1350708,0.0035335584032714393,33791,0.01688233523924165
2021-01-01 00:00:00,1762637,0.0012024856292459046,1388744,0.02816004643490673,34145,0.010476162291734486
2021-01-02 00:00:00,1773540,0.00618561847958485,1400810,0.008688426376639611,34480,0.009811099721774784
2021-01-03 00:00:00,1783896,0.005839169119388342,1422151,0.015234757033430657,34791,0.009019721577726219
2021-01-04 00:00:00,1796216,0.00690623220187724,1445442,0.0163773045197029,35748,0.02750711390876951
2021-01-05 00:00:00,1814565,0.010215363853790413,1472311,0.01858877768876233,36757,0.02822535526463019
2021-01-06 00:00:00,1841228,0.014693879800392932,1496182,0.0162132864591788,37835,0.02932774709579128
2021-01-07 00:00:00,1886561,0.02462106811323747,1517019,0.013926781634854583,38987,0.030447997885555703
2021-01-08 00:00:00,1905638,0.010112050445228116,1533143,0.01062873965322781,40022,0.026547310642008874
2021-01-09 00:00:00,1928462,0.011977091136931569,1546206,0.008520405467722189,40597,0.014367098096047174
2021-01-10 00:00:00,1929410,0.0004915834483645516,1566907,0.01338825486384091,40936,0.008350370717048057
2021-01-11 00:00:00,1941116,0.006067139695554599,1590171,0.014847084096248214,41799,0.02108168848934923
2021-01-12 00:00:00,1968326,0.014017709400159496,1616761,0.016721472093252865,42889,0.02607717887987751
2021-01-13 00:00:00,1993892,0.01298870207475794,1640682,0.014795631512635448,44096,0.028142414138823475
2021-01-14 00:00:00,2015235,0.010704190598086557,1661394,0.012624018548384148,45207,0.0251950290275762
2021-01-15 00:00:00,2023828,0.004264018836512863,1664176,0.0016744974401015052,45705,0.011015993098413963
2021-01-16 00:00:00,2038645,0.007321274337542518,1680479,0.009796439799636576,46464,0.01660649819494585
2021-01-17 00:00:00,2050129,0.0056331533935530705,1709540,0.017293283641152315,46901,0.00940513085399449
2021-01-18 00:00:00,2059382,0.004513374524237256,1713196,0.0021385869883126453,47263,0.007718385535489649
2021-01-19 00:00:00,2071615,0.005940131554029316,1757713,0.02598476765063659,48997,0.0366883185578571
2021-01-20 00:00:00,2100618,0.014000188258918767,1778319,0.011723188028989943,50010,0.020674735187868644
2021-01-21 00:00:00,2108895,0.003940269006549501,1797648,0.010869253491640139,50876,0.017316536692661467
2021-01-22 00:00:00,2125261,0.007760462232591001,1813894,0.009037364378343257,51713,0.016451765075870744
2021-01-23 00:00:00,2137691,0.005848693407539121,1826161,0.006762798708193533,51873,0.0030939995745750586
2021-01-24 00:00:00,2147769,0.004714432534917348,1840970,0.008109361660883132,52296,0.008154531259036493
2021-01-25 00:00:00,2154656,0.003206583203314695,1859936,0.010302177656344209,53127,0.015890316659017897
2021-01-26 00:00:00,2164043,0.004356611913920366,1881933,0.011826751027992362,53619,0.009260827827658254
2021-01-27 00:00:00,2179679,0.007225364745524927,1881933,0.0,54498,0.01639344262295082
2021-01-28 00:00:00,2194562,0.006828069637776939,1915501,0.01783697931860486,55883,0.025413776652354215
2021-01-29 00:00:00,2207393,0.005846724767858006,1917964,0.0012858254837768291,56286,0.007211495445842206
2021-01-30 00:00:00,2224911,0.007936058508838254,1938929,0.010930862101686997,57105,0.014550687559961625
2021-01-31 00:00:00,2225659,0.00033619322300981925,1940046,0.0005760912338718953,57163,0.0010156728832851764
2021-02-01 00:00:00,2232327,0.0029959665878735242,1967132,0.013961524623642944,58059,0.015674474747651452
2021-02-02 00:00:00,2240017,0.0034448358148246204,1986214,0.009700416647179752,58992,0.016069859970030485
2021-02-03 00:00:00,2252504,0.005574511264869865,2003831,0.008869638417612603,59776,0.013289937618660158
2021-02-04 00:00:00,2265536,0.0057855613130986675,2020303,0.008220254103265195,60634,0.014353586723768737
2021-02-05 00:00:00,2276371,0.004782532698663804,2033168,0.0063678567026827166,61324,0.011379753933436685
2021-02-06 00:00:00,2285003,0.0037920005130973817,2041988,0.0043380576519008755,61551,0.0037016502511251713
2021-02-07 00:00:00,2291673,0.002919033366695799,2052656,0.0052243206130496355,61708,0.0025507302887036766
2021-02-08 00:00:00,2296323,0.002029085301436985,2054340,0.000820400495747948,62191,0.007827186102288197
2021-02-09 00:00:00,2302051,0.002494422605182285,2081966,0.013447627948635571,63006,0.01310479008216623
2021-02-10 00:00:00,2311297,0.0040164184025462514,2096775,0.00711298839654442,63672,0.010570421864584326
2021-02-11 00:00:00,2321225,0.004295423738273359,2109508,0.006072659202823383,64224,0.008669430833019224
2021-02-12 00:00:00,2330422,0.003962132063888679,2120342,0.005135794697152132,64771,0.008517065271549577
2021-02-13 00:00:00,2336906,0.0027823286941163444,2128002,0.0036126247558176936,64990,0.0033811427953868243
2021-02-14 00:00:00,2341744,0.0020702587095929406,2136933,0.004196894551790835,65107,0.0018002769656870288
2021-02-15 00:00:00,2346876,0.0021915290484356958,2148269,0.005304798980595086,65288,0.0027800390127021672
2021-02-16 00:00:00,2352766,0.002509719303448499,2161100,0.005972715707390462,65829,0.008286361965445412
2021-02-17 00:00:00,2362364,0.004079453715329106,2172312,0.005188098653463514,66732,0.013717358610946544
2021-02-18 00:00:00,2372209,0.004167435670370866,2182370,0.004630089968660119,67245,0.007687466283042618
2021-02-19 00:00:00,2381259,0.0038150095543858066,2191208,0.004049725756860661,67741,0.007376013086474831
2021-02-20 00:00:00,2388421,0.0030076526744885796,2197065,0.0026729548267439697,67883,0.0020962194239825217
2021-02-21 00:00:00,2394515,0.002551476477555674,2204110,0.0032065505572206558,67946,0.0009280674101026766
2021-02-22 00:00:00,2399499,0.002081423586822384,2212439,0.0037788495129553426,68363,0.006137226621140317
2021-02-23 00:00:00,2405263,0.0024021681192615625,2221972,0.004308819361799354,68785,0.006172929801208256
2021-02-24 00:00:00,2416037,0.004479343838906598,2231073,0.004095911199601075,69170,0.0055971505415424875
2021-02-25 00:00:00,2427069,0.004566155236861025,2232050,0.00043790588653979496,69343,0.002501084285094694
2021-02-26 00:00:00,2436506,0.0038882289708286003,2247173,0.006775385856051612,69939,0.008594955511010484
2021-02-27 00:00:00,2444177,0.003148360808469177,2252970,0.0025796856761806947,70092,0.002187620640844164
2021-02-28 00:00:00,2450295,0.002503092042843051,2259548,0.002919701549510202,70152,0.0008560178051703475
2021-03-01 00:00:00,2455569,0.002152393895428918,2260719,0.0005182452419687477,70514,0.005160223514653894
2021-03-02 00:00:00,2462061,0.002643786429947601,2277626,0.007478594199456014,70926,0.005842811356610035
2021-03-03 00:00:00,2472913,0.004407689330199373,2286728,0.0039962662877926405,71285,0.005061613512675182
2021-03-04 00:00:00,2484306,0.00460711719336669,2295405,0.0037945046371934046,71554,0.0037735849056603774
2021-03-05 00:00:00,2493887,0.003856610256546496,2302899,0.0032647833388879085,71852,0.004164686809961707
2021-03-06 00:00:00,2502151,0.003313702665758312,2308094,0.0022558522974737492,71951,0.0013778322106552357
2021-03-07 00:00:00,2508655,0.0025993635076380283,2314400,0.002732124428207863,71984,0.00045864546705396726
2021-03-08 00:00:00,2513784,0.0020445218653023234,2322734,0.0036009332872450743,72236,0.0035007779506557014
2021-03-09 00:00:00,2520618,0.0027186106682197037,2331890,0.003941906391347438,72534,0.004125366853092641
2021-03-10 00:00:00,2541781,0.00839595686454671,2340473,0.0036807053505954397,72858,0.004466870708908926
2021-03-11 00:00:00,2546526,0.0018668012704477687,2349384,0.0038073500527457485,73120,0.003596036125065195
2021-03-12 00:00:00,2559296,0.005014674894346259,2356590,0.0030671869732661837,73348,0.0031181619256017506
2021-03-13 00:00:00,2569864,0.004129260546650329,2357374,0.00033268409014720424,73369,0.00028630637508861865
2021-03-14 00:00:00,2578842,0.0034935700877556167,2368995,0.004929637808850017,73463,0.0012811950551322765
2021-03-15 00:00:00,2585385,0.002537185294795106,2377584,0.0036255880658253815,73701,0.003239726120632155
2021-03-16 00:00:00,2603064,0.0068380531332857585,2387232,0.004057900793410453,73952,0.0034056525691645973
2021-03-17 00:00:00,2610769,0.0029599733237446334,2387743,0.00021405544161606413,74043,0.001230527909995673
2021-03-18 00:00:00,2639258,0.010912110569721028,2405600,0.007478610553983406,74402,0.004848533959996218
2021-03-19 00:00:00,2654734,0.005863769286670723,2413584,0.003318922514133688,74608,0.0027687427757318354
2021-03-20 00:00:00,2669233,0.005461564134109104,2419292,0.00236494772918614,74706,0.0013135320609049968
2021-03-21 00:00:00,2670001,0.0002877231024792515,2426700,0.0030620528650530817,74756,0.000669290284582229
2021-03-22 00:00:00,2678262,0.0030940063318328345,2437183,0.004319858243705443,75009,0.0033843437316068274
2021-03-23 00:00:00,2699231,0.00782933111099661,2448828,0.004778057289912165,75255,0.003279606447226333
2021-03-24 00:00:00,2722988,0.008801395656762983,2460019,0.0045699412126943995,75484,0.0030429871769317653
2021-03-25 00:00:00,2744608,0.007939807299921997,2471558,0.004690614178183177,75669,0.002450850511366647
2021-03-26 00:00:00,2765297,0.007538052792967156,2481908,0.004187641965108648,75828,0.002101256789438211
2021-03-27 00:00:00,2782925,0.006374722136537233,2489198,0.0029372563366571202,75915,0.0011473334388352587
2021-03-28 00:00:00,2784652,0.0006205700836350243,2499010,0.003941831867131502,75959,0.0005795956003424883
2021-03-29 00:00:00,2794949,0.0036977690569593613,2511417,0.004964766047354753,76139,0.0023696994431206308
2021-03-30 00:00:00,2818630,0.008472784297674125,2525580,0.005639445779016388,76389,0.0032834683933332456
2021-03-31 00:00:00,2843644,0.008874524148256423,2539660,0.005574957039571109,76589,0.0026181780099228946
2021-04-01 00:00:00,2866323,0.007975330245276835,2552020,0.004866793192789586,76823,0.003055269033412109
2021-04-02 00:00:00,2882356,0.005593577555634868,2566530,0.005685692118400326,76940,0.0015229813987998385
2021-04-03 00:00:00,2886029,0.0012743047701255501,2575740,0.0035885027644329114,77010,0.0009097998440343125
2021-04-04 00:00:00,2896329,0.0035689177066481315,2585850,0.003925085606466491,77060,0.0006492663290481755
2021-04-05 00:00:00,2902309,0.0020646825688656226,2587580,0.000669025658874258,77136,0.0009862444848170258
2021-04-06 00:00:00,2909902,0.00261619283129398,2604890,0.006689648242759644,77245,0.0014130885708359261
2021-04-07 00:00:00,2940279,0.010439183175240953,2638320,0.012833555351665521,77755,0.006602369085377694
2021-04-08 00:00:00,2966789,0.00901615118837362,2640300,0.0007504775766396798,78049,0.003781107324287827
2021-04-09 00:00:00,2990724,0.0080676448510494,2654930,0.005541037003370829,78295,0.0031518661353764944
2021-04-10 00:00:00,3009452,0.006262028859901482,2668910,0.005265675554534394,78402,0.001366626221342359
2021-04-11 00:00:00,3012158,0.0008991670244283677,2692230,0.00873764945239817,78500,0.0012499681130583404
2021-04-12 00:00:00,3024604,0.004131921366674656,2708320,0.0059764581777931305,78796,0.0037707006369426753
2021-04-13 00:00:00,3054025,0.009727223795247245,2726910,0.0068640337921663614,79137,0.00432763084420529
2021-04-14 00:00:00,3085142,0.010188849141706436,2744940,0.006611879379957534,79427,0.00366453112956013
2021-04-15 00:00:00,3110252,0.008139009484814637,2747460,0.0009180528536142866,79672,0.003084593400229141
2021-04-16 00:00:00,3134108,0.007670118048312484,2763260,0.005750766162200723,79894,0.002786424339793152
2021-04-17 00:00:00,3154305,0.006444257823916725,2784540,0.007701048761245775,79971,0.0009637770045310036
2021-04-18 00:00:00,3155522,0.00038582191639679737,2795080,0.003785185344796627,80052,0.0010128671643470759
2021-04-19 00:00:00,3167137,0.0036808490005774005,2811890,0.0060141391301858985,80353,0.0037600559636236444
2021-04-20 00:00:00,3198534,0.009913369708983223,2831440,0.006952619056933237,80680,0.004069543140890819
2021-04-21 00:00:00,3222888,0.007614113215616904,2852890,0.007575650552369113,80938,0.0031978185423896877
2021-04-22 00:00:00,3254609,0.009842414629363477,2856510,0.001268888740890816,81203,0.003274111047962638
2021-04-23 00:00:00,3276871,0.006840145774807358,2876690,0.007064564801103445,81492,0.0035589818110168345
2021-04-24 00:00:00,3291293,0.004401149755361136,2902900,0.009111165958097675,81610,0.0014479948952044372
2021-04-25 00:00:00,3306692,0.004678708337422405,2917730,0.005108684419029247,81671,0.0007474574194338929
2021-04-26 00:00:00,3312653,0.001802707963124476,2939900,0.007598372707550047,82009,0.004138555913359699
2021-04-27 00:00:00,3338564,0.007821827399368422,2960900,0.0071431001054457635,82325,0.003853235620480679
2021-04-28 00:00:00,3366827,0.008465615755756068,2966590,0.0019217129926711472,82588,0.00319465532948679
2021-04-29 00:00:00,3391039,0.0071913406896166624,2987910,0.007186702577707064,82865,0.003353998159538916
2021-04-30 00:00:00,3405365,0.0042246638862012496,3008640,0.006937959978714219,83097,0.0027997345079345923
2021-05-01 00:00:00,3423900,0.005442882040544847,3025120,0.0054775579663901295,83207,0.0013237541668170932
2021-05-02 00:00:00,3432676,0.002563158970764333,3051730,0.008796345268948009,83292,0.001021548667780355
2021-05-03 00:00:00,3438186,0.0016051616872667272,3053770,0.0006684732921981958,83605,0.003757863900494645
2021-05-04 00:00:00,3462297,0.007012709609078741,3075230,0.0070273792721783235,83890,0.003408887028287782
2021-05-05 00:00:00,3484755,0.006486445270293103,3118660,0.014122520917134654,84141,0.0029920133508165455
2021-05-06 00:00:00,3502672,0.005141537927343529,3140330,0.006948497110938672,84425,0.0033752867210991074
2021-05-07 00:00:00,3517762,0.004308139614557115,3142640,0.0007355914824238217,84659,0.002771690849866746
2021-05-08 00:00:00,3530887,0.0037310653762249978,3160630,0.00572448641906168,84789,0.001535572118735161
2021-05-09 00:00:00,3530887,0.0,3187100,0.008374912596539297,84844,0.0006486690490511741
2021-05-10 00:00:00,3538208,0.0020734166797181557,3188710,0.000505161432022842,85118,0.0032294564141247466
2021-05-11 00:00:00,3557904,0.005566659732836509,3231090,0.013290641042929586,85385,0.0031368218238210484
2021-05-12 00:00:00,3564494,0.0018522141125786418,3233630,0.0007861124264567066,85451,0.0007729694911284183
2021-05-13 00:00:00,3578125,0.003824105188562528,3268190,0.010687679171704864,85853,0.004704450503797498
2021-05-14 00:00:00,3588502,0.002900122270742358,3284300,0.00492933397385097,86030,0.002061663541169208
2021-05-15 00:00:00,3595872,0.0020537817730072326,3292700,0.002557622628870688,86100,0.0008136696501220504
2021-05-16 00:00:00,3602939,0.0019653091100016906,3306260,0.004118200868588088,86166,0.0007665505226480836
2021-05-17 00:00:00,3608320,0.0014935029430140226,3323190,0.005120589427328764,86386,0.0025532112434138755
2021-05-18 00:00:00,3615896,0.00209959205391983,3342350,0.005765544552071955,86671,0.003299145694904267
2021-05-19 00:00:00,3627777,0.0032857692809748953,3359530,0.005140096040211229,86908,0.0027344786606823507
2021-05-20 00:00:00,3638504,0.0029569072189387607,3376100,0.004932237545132802,87135,0.0026119574722695263
2021-05-21 00:00:00,3646600,0.0022250903118424497,3390400,0.004235656526761648,87303,0.0019280426923739026
2021-05-22 00:00:00,3653019,0.001760269840399276,3398700,0.002448088721094856,87385,0.0009392575283781771
2021-05-23 00:00:00,3657662,0.0012710035179121708,3410040,0.0033365698649483627,87429,0.0005035189105681753
2021-05-24 00:00:00,3659990,0.00063647215078922,3425380,0.004498480956235117,87461,0.0003660112777224948
2021-05-25 00:00:00,3662568,0.0007043735092172383,3439570,0.004142606075822244,87733,0.003109957581093287
2021-05-26 00:00:00,3667041,0.0012212742534746111,3452290,0.0036981366856903624,88000,0.0030433246326923733
2021-05-27 00:00:00,3673990,0.0018949883570977253,3463130,0.003139944790269647,88192,0.002181818181818182
2021-05-28 00:00:00,3680159,0.0016791009229747496,3472650,0.002748958312278199,88360,0.001904934687953556
2021-05-29 00:00:00,3684672,0.001226305711247802,3479700,0.0020301498855341024,88413,0.000599818922589407
2021-05-30 00:00:00,3687715,0.0008258536987824154,3487850,0.0023421559329827282,88431,0.00020358996980082114
2021-05-31 00:00:00,3689921,0.0005982024098933892,3498580,0.0030763937669337845,88601,0.0019224027773066007
2021-06-01 00:00:00,3692908,0.0008095024256616876,3509660,0.003166999182525482,88781,0.0020315797790092663
2021-06-02 00:00:00,3698004,0.0013799423110459291,3518860,0.0026213365397217965,88945,0.001847242090086843
2021-06-03 00:00:00,3701692,0.0009972947568472072,3526110,0.0020603263556947422,89031,0.0009668896509078644
2021-06-04 00:00:00,3704685,0.0008085491715680289,3533860,0.002197889458922155,89152,0.0013590771753658837
2021-06-05 00:00:00,3706934,0.0006070691570268457,3538290,0.0012535867295252218,89228,0.0008524766690595837
2021-06-06 00:00:00,3708898,0.0005298179034209943,3542000,0.0010485290917364037,89249,0.0002353521316178778
2021-06-07 00:00:00,3710342,0.0003893339746738789,3549820,0.002207792207792208,89390,0.0015798496341695705
2021-06-08 00:00:00,3712595,0.0006072216523436384,3557840,0.002259269484086517,89497,0.0011970019017787225
2021-06-09 00:00:00,3715870,0.0008821323090722258,3563140,0.0014896678883817148,89592,0.0010614880945730024
2021-06-10 00:00:00,3718617,0.0007392615995715674,3568460,0.001493065105496837,89693,0.0011273327975712118
2021-06-11 00:00:00,3720811,0.0005900042946073769,3574000,0.0015524904300454538,89821,0.0014270901854102327
2021-06-12 00:00:00,3722295,0.00039883778025812116,3577840,0.0010744264129826525,89841,0.0002226650783224413
2021-06-13 00:00:00,3723295,0.000268651463680337,3581340,0.0009782438566285803,89849,8.904620384902216e-05
2021-06-14 00:00:00,3724168,0.0002344697371548588,3585660,0.0012062524083164402,89944,0.0010573295195272067
2021-06-15 00:00:00,3725328,0.0003114789665772328,3590610,0.0013804989876340758,90079,0.0015009339144356488
2021-06-16 00:00:00,3726767,0.0003862747119179841,3593730,0.0008689331339243192,90185,0.0011767448572919327
2021-06-17 00:00:00,3727668,0.00024176451063347937,3597940,0.001171484780437039,90277,0.0010201252979985585
2021-06-18 00:00:00,3728601,0.00025029053016524,3600360,0.0006726071029533566,90374,0.001074470795440699
2021-06-19 00:00:00,3729597,0.0002671243182094303,3602150,0.0004971725049717251,90390,0.00017704206962179387
2021-06-20 00:00:00,3730126,0.00014183838092962859,3604050,0.00052746276529295,90400,0.00011063170704723974
2021-06-21 00:00:00,3730619,0.00013216711714295979,3606150,0.0005826778207849503,90477,0.0008517699115044248
2021-06-22 00:00:00,3731304,0.00018361564126489466,3609310,0.000876280798081056,90553,0.0008399924842777722
2021-06-23 00:00:00,3732439,0.0003041832024407553,3612840,0.000978026270949295,90620,0.0007398981811756651
2021-06-24 00:00:00,3732914,0.00012726262907444702,3616140,0.0009134088417975886,90685,0.0007172809534319134
2021-06-25 00:00:00,3733665,0.00020118331148266476,3617470,0.0003677954946434596,90752,0.000738821194243811
2021-06-26 00:00:00,3734153,0.00013070267418207042,3618510,0.0002874937456288511,90761,9.917136812411847e-05
2021-06-27 00:00:00,3734489,8.998024451595851e-05,3619010,0.0001381784215049841,90768,7.712563766375426e-05
2021-06-28 00:00:00,3734830,9.131102006191476e-05,3620830,0.0005028999643548926,90826,0.0006389917151419002
2021-06-29 00:00:00,3735399,0.00015234963840388987,3622220,0.0003838898816017322,90883,0.0006275736022724771
2021-06-30 00:00:00,3736205,0.00021577346891188867,3623800,0.0004361965866236728,90945,0.0006821957901917851
2021-07-01 00:00:00,3736959,0.00020180905490999558,3625010,0.00033390363706606324,91014,0.0007587003133762164
2021-07-02 00:00:00,3737630,0.00017955776341137272,3625740,0.00020137875481722809,91032,0.00019777177137583228
2021-07-03 00:00:00,3738059,0.00011477861639595144,3626610,0.00023995101689586125,91040,8.788118463836892e-05
2021-07-04 00:00:00,3738470,0.00010995011047177159,3627520,0.00025092303831953256,91039,-1.0984182776801407e-05
2021-07-05 00:00:00,3738862,0.00010485572975040592,3628600,0.0002977240649258998,91068,0.0003185447994815409
2021-07-06 00:00:00,3739575,0.00019069973697879194,3628910,8.543239817009315e-05,91118,0.0005490402775947643
2021-07-07 00:00:00,3740567,0.00026527078611874346,3630340,0.00039405771981118295,91148,0.0003292433986698567
2021-07-08 00:00:00,3741470,0.00024140725189523407,3631310,0.00026719260454943615,91197,0.0005375872207837802
2021-07-09 00:00:00,3742355,0.00023653804520683047,3632230,0.00025335209607552095,91232,0.00038378455431647973
2021-07-10 00:00:00,3743164,0.00021617404014317188,3632330,2.7531296200956436e-05,91239,7.672746404770257e-05
2021-07-11 00:00:00,3743732,0.0001517432845581973,3632930,0.0001651832294973199,91241,2.1920450684466072e-05
2021-07-12 00:00:00,3744285,0.00014771356496672304,3633520,0.00016240334936263567,91268,0.0002959195975493473
2021-07-13 00:00:00,3745312,0.0002742846765136735,3634550,0.0002834716748497325,91295,0.0002958320550466757
2021-07-14 00:00:00,3746935,0.00043334173494758246,3635420,0.00023936938548100865,91326,0.00033955857385398983
2021-07-15 00:00:00,3748379,0.00038538165193684974,3636120,0.0001925499667163629,91346,0.00021899568578499003
2021-07-16 00:00:00,3749944,0.0004175138106365445,3636960,0.00023101547803702847,91367,0.0002298951240338931
2021-07-17 00:00:00,3751253,0.00034907187947340014,3637480,0.00014297655184549734,91369,2.188974137270568e-05
2021-07-18 00:00:00,3752236,0.00026204577510501156,3638720,0.0003408953451290454,91370,1.0944631111208397e-05
2021-07-19 00:00:00,3753220,0.0002622436328631781,3639640,0.00025283616216691584,91404,0.00037211338513735363
2021-07-20 00:00:00,3754846,0.00043322800155599727,3640270,0.00017309404226791662,91423,0.00020786836462299244
2021-07-21 00:00:00,3756497,0.0004396984590047102,3641100,0.00022800506555832397,91466,0.0004703411614145237
2021-07-22 00:00:00,3758425,0.0005132441207859344,3642010,0.0002499244733734311,91505,0.0004263879474340192
2021-07-23 00:00:00,3760291,0.0004964845646780234,3642120,3.020310213316273e-05,91514,9.835528113217857e-05
2021-07-24 00:00:00,3761869,0.00041964837295836943,3643350,0.0003377153965272973,91531,0.0001857639268308674
2021-07-25 00:00:00,3763018,0.00030543328329614883,3644560,0.0003321119299545748,91534,3.277578088297954e-05
2021-07-26 00:00:00,3764441,0.00037815391794564896,3645870,0.00035943982263976997,91573,0.00042607118666287936
2021-07-27 00:00:00,3766501,0.0005472260024795182,3647240,0.0003757676494224972,91592,0.00020748473895143766
2021-07-28 00:00:00,3769552,0.0008100356272306843,3653990,0.0018507145128919401,91709,0.001277404140099572
2021-07-29 00:00:00,3772326,0.0007358964672725034,3649670,-0.0011822692454002337,91622,-0.0009486528039777993
2021-07-30 00:00:00,3774918,0.0006871092265090556,3652400,0.00074801283403705,91663,0.0004474907773242234
2021-07-31 00:00:00,3776724,0.0004784209882174924,3653150,0.0002053444310590297,91666,3.272858187054755e-05
2021-08-01 00:00:00,3778277,0.0004112029367250559,3654720,0.0004297660922765285,91666,0.0
2021-08-02 00:00:00,3779797,0.00040229977844398387,3654950,6.293231766045005e-05,91685,0.00020727423472170707
2021-08-03 00:00:00,3782344,0.0006738457118199734,3658150,0.0008755249729818465,91710,0.0002726727381796368
2021-08-04 00:00:00,3786003,0.0009673895341090075,3659260,0.0003034320626546205,91736,0.000283502344346309
2021-08-05 00:00:00,3789460,0.0009131001745112193,0,-1.0,91761,0.00027252114764105695
2021-08-06 00:00:00,3792848,0.0008940587841011648,0,na,91785,0.00026154902409520383
2021-08-07 00:00:00,3795609,0.0007279490240579111,0,na,91789,4.358010568175628e-05
2021-08-08 00:00:00,3797849,0.0005901556245651225,0,na,91791,2.1789103269454946e-05
2021-08-09 00:00:00,3800069,0.0005845414075177817,0,na,91810,0.00020699197089039232
2021-08-10 00:00:00,3803351,0.0008636685281240946,0,na,91824,0.0001524888356388193
2021-08-11 00:00:00,3808838,0.0014426751567236367,0,na,91841,0.00018513678341174422
2021-08-12 00:00:00,3814335,0.0014432223160974554,0,na,91860,0.0002068792804956392
2021-08-13 00:00:00,3819871,0.0014513670141715397,0,na,91871,0.00011974744175919878
2021-08-14 00:00:00,3824546,0.0012238633189445402,0,na,91874,3.265448291626302e-05
2021-08-15 00:00:00,3828278,0.0009758020952029339,0,na,91878,4.3537888847769774e-05
2021-08-16 00:00:00,3831827,0.0009270486626101866,0,na,91905,0.0002938679553320708
2021-08-17 00:00:00,3837218,0.001406900676883377,0,na,91927,0.00023937761819269897
2021-08-18 00:00:00,3846226,0.002347534072862162,0,na,91949,0.00023932033026205577
2021-08-19 00:00:00,3854529,0.0021587395020469416,0,na,91963,0.00015225831711057215
2021-08-20 00:00:00,3863495,0.00232609483545201,0,na,91980,0.0001848569533399302
2021-08-21 00:00:00,3870095,0.0017082977977194225,0,na,91983,3.2615786040443576e-05
2021-08-22 00:00:00,3876041,0.0015363963933701886,0,na,91987,4.348629638085298e-05
2021-08-23 00:00:00,3881633,0.0014427091973485317,0,na,92028,0.0004457151554023938
2021-08-24 00:00:00,3898287,0.00429046228739296,0,na,92067,0.00042378406571912894
2021-08-25 00:00:00,3911562,0.0034053418847817003,0,na,92090,0.0002498180672770917
2021-08-26 00:00:00,3923250,0.0029880646145964197,0,na,92108,0.00019546096210229123
2021-08-27 00:00:00,3925190,0.0004944879882750271,0,na,92125,0.00018456594432622573
2021-08-28 00:00:00,3933585,0.002138749971338967,0,na,92136,0.00011940298507462687
2021-08-29 00:00:00,3940212,0.0016847227147754528,0,na,92146,0.00010853520882174178
2021-08-30 00:00:00,3947035,0.001731632714178831,0,na,92208,0.0006728452672932087
2021-08-31 00:00:00,3965681,0.004724052358289197,0,na,92229,0.00022774596564289432
2021-09-01 00:00:00,3979839,0.0035701308299885947,0,na,92262,0.00035780502878704094
2021-09-02 00:00:00,3993789,0.0035051669175562125,0,na,92307,0.00048774143200884437
2021-09-03 00:00:00,3996688,0.0007258771056758382,0,na,92331,0.0002600019500146251
2021-09-04 00:00:00,4014858,0.004546264306846069,0,na,92352,0.0002274425707508854
2021-09-05 00:00:00,4013808,-0.00026152855219287955,0,na,92360,8.662508662508663e-05
2021-09-06 00:00:00,4020587,0.0016889198486823485,0,na,92419,0.000638804677349502
2021-09-07 00:00:00,4039667,0.0047455757082236994,0,na,92463,0.00047609257836592043
2021-09-08 00:00:00,4044777,0.0012649557500655376,0,na,92463,0.0
2021-09-09 00:00:00,4068495,0.005863858501964385,0,na,92559,0.0010382531390934753
2021-09-10 00:00:00,4071643,0.0007737504900460735,0,na,92604,0.0004861763847924027
2021-09-11 00:00:00,4080180,0.0020966965915233727,0,na,92612,8.638935683123839e-05
2021-09-12 00:00:00,4087125,0.0017021307883475728,0,na,92625,0.00014037057832678272
2021-09-13 00:00:00,4093412,0.0015382450989387406,0,na,92694,0.0007449392712550607
2021-09-14 00:00:00,4102252,0.0021595676174301537,0,na,92776,0.0008846311519623708
2021-09-15 00:00:00,4115342,0.0031909302500187703,0,na,92843,0.0007221695266017074
2021-09-16 00:00:00,4127158,0.0028712073018475745,0,na,92906,0.0006785648891138804
2021-09-17 00:00:00,4137062,0.002399714282806716,0,na,92928,0.00023679848448969926
2021-09-18 00:00:00,4144165,0.001716918914920782,0,na,92964,0.00038739669421487604
2021-09-19 00:00:00,4149832,0.0013674648572149033,0,na,92977,0.00013983907749236263
2021-09-20 00:00:00,4155160,0.001283907396733169,0,na,93058,0.0008711831958441335
2021-09-21 00:00:00,4162437,0.001751316435468189,0,na,93129,0.0007629650325603388
2021-09-22 00:00:00,4173357,0.002623463129892416,0,na,93243,0.0012241084946686854
2021-09-23 00:00:00,4183672,0.0024716313509723707,0,na,93310,0.0007185525991227224
2021-09-24 00:00:00,4192606,0.0021354446524488534,0,na,93370,0.0006430178973314757
2021-09-25 00:00:00,4199029,0.001531982733412107,0,na,93398,0.0002998821891399807
2021-09-26 00:00:00,4204300,0.001255290211141671,0,na,93409,0.0001177755412321463
2021-09-27 00:00:00,4209098,0.0011412125680850557,0,na,93509,0.001070560652613774
2021-09-28 00:00:00,4216507,0.0017602346155874728,0,na,93576,0.000716508571367462
2021-09-29 00:00:00,4228774,0.0029092801221484985,0,na,93643,0.0007159955544156621
2021-09-30 00:00:00,4239773,0.0026009902633718426,0,na,93715,0.0007688775455720129
2021-10-01 00:00:00,4249061,0.002190683321960869,0,na,93781,0.0007042629248252681
2021-10-02 00:00:00,4255543,0.00152551351933992,0,na,93791,0.00010663140721468102
2021-10-03 00:00:00,4260494,0.0011634237980911015,0,na,93798,7.463402671898156e-05
2021-10-04 00:00:00,4265001,0.001057858548797393,0,na,93887,0.0009488475234013518
2021-10-05 00:00:00,4272764,0.0018201636998443846,0,na,93963,0.0008094837410930161
2021-10-06 00:00:00,4284400,0.002723295740181297,0,na,94031,0.0007236891116716154
2021-10-07 00:00:00,4295876,0.002678554756792083,0,na,94117,0.0009145919962565537
2021-10-08 00:00:00,4305634,0.0022714808341767778,0,na,94182,0.000690629748079518
2021-10-09 00:00:00,4312528,0.0016011579247098104,0,na,94206,0.0002548257628846276
2021-10-10 00:00:00,4318437,0.0013701940022186523,0,na,94213,7.43052459503641e-05
2021-10-11 00:00:00,4323346,0.0011367538764603953,0,na,94308,0.0010083534119495186
2021-10-12 00:00:00,4331274,0.0018337648663789574,0,na,94393,0.0009013021164694405
2021-10-13 00:00:00,4343591,0.0028437360462533656,0,na,94407,0.0001483160827603742
